ID,state
0,<nil>
1,<nil>
2,<nil>
3,<nil>
4,<nil>
5,<nil>
6,<nil>
7,<nil>
8,<nil>
9,<nil>
10,<nil>
11,<nil>
12,<nil>
13,<nil>
14,Virus_inside
15,Virus_inside -- Virus_replication
16,Virus_inside -- Virus_replication -- Chemokin_secretion
17,Virus_inside -- Virus_replication -- Chemokin_secretion
18,Virus_inside -- Virus_replication -- Chemokin_secretion
2461,<nil>
20,Virus_inside -- Virus_replication -- Chemokin_secretion
6231,<nil>
6273,<nil>
1862,<nil>
24,Virus_inside -- Virus_replication -- Chemokin_secretion
25,Virus_inside -- Virus_replication -- Chemokin_secretion
5229,Active
6721,Active
2720,Virus_inside -- Virus_replication -- Chemokin_secretion
4980,Active
6017,Active
5866,Apoptotic_cell -- M2_Phenotype -- Active
2161,Virus_inside -- Virus_replication -- Chemokin_secretion -- TCell_attached
33,Virus_inside -- Virus_replication -- Chemokin_secretion
6599,<nil>
35,Virus_inside -- Virus_replication -- Chemokin_secretion
6500,<nil>
6704,<nil>
5797,Active
6653,CD8_Tcell_activation -- Phagocytosis -- Apoptotic_cell -- M2_Phenotype -- Active
40,Virus_inside -- Virus_replication -- Chemokin_secretion
41,Virus_inside -- Virus_replication -- Chemokin_secretion
42,Virus_inside -- Virus_replication -- Chemokin_secretion
43,Virus_inside -- Virus_replication -- Chemokin_secretion
6647,<nil>
45,<nil>
46,<nil>
47,<nil>
48,<nil>
49,<nil>
50,<nil>
51,<nil>
52,<nil>
53,<nil>
54,<nil>
55,<nil>
56,<nil>
57,<nil>
58,<nil>
59,<nil>
60,<nil>
61,<nil>
62,<nil>
63,Virus_inside -- Virus_replication
64,Virus_inside -- Virus_replication -- Chemokin_secretion
65,Virus_inside -- Virus_replication -- Chemokin_secretion
66,Virus_inside -- Virus_replication -- Chemokin_secretion
67,Virus_inside -- Virus_replication -- Chemokin_secretion
68,Virus_inside -- Virus_replication -- Chemokin_secretion
6210,<nil>
6605,<nil>
71,Virus_inside -- Virus_replication -- Chemokin_secretion
6072,<nil>
73,Virus_inside -- Virus_replication -- Chemokin_secretion
6491,Active
6394,Active
6495,<nil>
5381,Apoptotic_cell -- M2_Phenotype -- Active
2675,Virus_inside -- Virus_replication
2007,<nil>
80,Virus_inside -- Virus_replication -- Chemokin_secretion
6789,<nil>
5772,<nil>
83,Virus_inside -- Virus_replication -- Chemokin_secretion
2631,Virus_inside
5637,Active
5115,<nil>
5625,Apoptotic_cell -- M2_Phenotype -- Active
5515,Apoptotic_cell -- M2_Phenotype -- Active
5678,<nil>
5855,<nil>
91,Virus_inside -- Virus_replication -- Chemokin_secretion
92,Virus_inside -- Virus_replication -- Chemokin_secretion
93,Virus_inside -- Virus_replication -- Chemokin_secretion
94,Virus_inside -- Virus_replication -- Chemokin_secretion
95,Virus_inside -- Virus_replication -- Chemokin_secretion -- TCell_attached
96,<nil>
97,<nil>
98,<nil>
99,<nil>
100,<nil>
101,<nil>
102,<nil>
103,<nil>
104,<nil>
105,<nil>
106,<nil>
107,<nil>
108,<nil>
109,<nil>
110,<nil>
111,<nil>
112,<nil>
113,Virus_inside -- Virus_replication -- Chemokin_secretion
114,Virus_inside -- Virus_replication -- Chemokin_secretion -- TCell_attached
6127,<nil>
116,Virus_inside -- Virus_replication -- Chemokin_secretion
6587,<nil>
3225,<nil>
6735,<nil>
6558,Active
6507,<nil>
6555,<nil>
6803,<nil>
6627,<nil>
5695,<nil>
6590,<nil>
2644,<nil>
6460,CD8_Tcell_activation -- Phagocytosis -- Apoptotic_cell -- Active
6151,Phagocytosis -- Apoptotic_cell
2490,Virus_inside -- Virus_replication -- Chemokin_secretion
5749,<nil>
6429,<nil>
6596,Active
4584,Apoptotic_cell -- M2_Phenotype -- Active
6560,Active
1957,<nil>
6424,<nil>
6716,<nil>
5996,<nil>
6083,Apoptotic_cell -- M2_Phenotype -- Active
5791,Apoptotic_cell -- M2_Phenotype -- Active
1866,Virus_inside -- Virus_replication -- Chemokin_secretion
143,Virus_inside -- Virus_replication -- Chemokin_secretion
144,<nil>
145,Virus_inside
146,<nil>
147,<nil>
148,<nil>
149,<nil>
150,<nil>
151,<nil>
152,<nil>
153,<nil>
154,<nil>
155,<nil>
156,<nil>
157,<nil>
158,<nil>
159,<nil>
160,<nil>
161,Virus_inside -- Virus_replication -- Chemokin_secretion
162,Virus_inside -- Virus_replication -- Chemokin_secretion
163,Virus_inside -- Virus_replication -- Chemokin_secretion
164,Virus_inside -- Virus_replication -- Chemokin_secretion
165,Virus_inside -- Virus_replication -- Chemokin_secretion
2154,<nil>
6337,<nil>
6678,Phagocytosis -- Apoptotic_cell
6237,<nil>
6114,<nil>
6646,<nil>
2254,<nil>
6810,<nil>
5409,Apoptotic_cell -- M2_Phenotype -- Active
6570,<nil>
2060,<nil>
2204,<nil>
6033,<nil>
6468,<nil>
6777,<nil>
6561,<nil>
2598,<nil>
6584,Active
2107,<nil>
6200,<nil>
6304,Active
187,Virus_inside -- Virus_replication -- Chemokin_secretion
6619,<nil>
189,Virus_inside -- Virus_replication -- Chemokin_secretion -- TCell_attached -- Apoptosis_type_II
190,Virus_inside -- Virus_replication -- Chemokin_secretion -- TCell_attached
191,Virus_inside -- Virus_replication -- Chemokin_secretion
192,<nil>
193,Virus_inside -- Virus_replication
194,<nil>
195,<nil>
196,<nil>
197,<nil>
198,<nil>
199,<nil>
200,<nil>
201,<nil>
202,<nil>
203,<nil>
204,<nil>
205,<nil>
206,<nil>
207,<nil>
208,<nil>
209,Virus_inside -- Virus_replication -- Chemokin_secretion
210,Virus_inside -- Virus_replication -- Chemokin_secretion
6738,<nil>
212,Virus_inside -- Virus_replication -- Chemokin_secretion
6591,<nil>
214,Virus_inside -- Virus_replication -- Chemokin_secretion -- Apoptosis_type_II
1910,<nil>
2057,<nil>
2773,<nil>
2584,Virus_inside -- Virus_replication -- Chemokin_secretion
6602,<nil>
2653,<nil>
6608,<nil>
6719,Phagocytosis -- Apoptotic_cell
1965,Virus_inside -- Virus_replication -- Chemokin_secretion
6313,<nil>
5747,Apoptotic_cell -- M2_Phenotype -- Active
2399,<nil>
6023,<nil>
6563,<nil>
5123,Phagocytosis -- Apoptotic_cell -- Active
6564,<nil>
2602,<nil>
2438,Virus_inside -- Virus_replication -- Chemokin_secretion
2401,<nil>
2537,Virus_inside -- Virus_replication -- Chemokin_secretion
5991,CD8_Tcell_activation -- Apoptotic_cell -- M2_Phenotype -- Active
5719,<nil>
237,Virus_inside -- Virus_replication -- Chemokin_secretion
238,Virus_inside -- Virus_replication -- Chemokin_secretion
6642,<nil>
240,Virus_inside -- Virus_replication -- Chemokin_secretion
241,<nil>
242,<nil>
243,Virus_inside
244,<nil>
245,<nil>
246,<nil>
247,<nil>
248,<nil>
249,<nil>
250,<nil>
251,<nil>
252,<nil>
253,<nil>
254,<nil>
255,<nil>
256,<nil>
257,<nil>
258,Virus_inside -- Virus_replication -- Chemokin_secretion
259,Virus_inside -- Virus_replication -- Chemokin_secretion
260,Virus_inside -- Virus_replication -- Chemokin_secretion
6473,Phagocytosis -- Apoptotic_cell -- Active
6278,Active
5966,<nil>
6095,<nil>
5958,<nil>
2788,<nil>
5879,<nil>
2447,<nil>
6198,Phagocytosis -- Apoptotic_cell -- Active
2507,<nil>
2261,Virus_inside -- Virus_replication -- Chemokin_secretion -- TCell_attached
6060,Active
2775,<nil>
5709,Phagocytosis -- Apoptotic_cell -- Active
5660,<nil>
5998,<nil>
6748,<nil>
5310,Apoptotic_cell -- M2_Phenotype -- Active
6149,<nil>
5542,<nil>
2365,Virus_inside -- Virus_replication -- Chemokin_secretion -- TCell_attached
5179,<nil>
2307,<nil>
2237,Virus_inside -- Virus_replication -- Chemokin_secretion
285,<nil>
286,Virus_inside -- Virus_replication -- Chemokin_secretion -- TCell_attached
287,Virus_inside -- Virus_replication -- Chemokin_secretion
288,<nil>
6747,Active
290,<nil>
291,<nil>
292,<nil>
293,<nil>
294,<nil>
295,<nil>
296,<nil>
297,<nil>
298,<nil>
299,<nil>
300,<nil>
301,<nil>
302,<nil>
303,Virus_inside -- Virus_replication -- Chemokin_secretion
304,<nil>
305,<nil>
306,<nil>
307,<nil>
308,Virus_inside -- Virus_replication -- Chemokin_secretion
309,Virus_inside -- Virus_replication -- Chemokin_secretion
310,Virus_inside -- Virus_replication -- Chemokin_secretion
311,Virus_inside -- Virus_replication -- Chemokin_secretion
6778,<nil>
6728,Active
6266,Active
5326,Active
6183,<nil>
5986,Active
5245,<nil>
2480,Virus_inside -- Virus_replication
5467,<nil>
5831,<nil>
5222,Active
5726,Apoptotic_cell -- M2_Phenotype -- Active
6180,<nil>
5917,Active
2605,<nil>
6261,<nil>
6643,<nil>
6059,<nil>
5571,Apoptotic_cell -- M2_Phenotype -- Active
6372,<nil>
2454,<nil>
2545,<nil>
6781,<nil>
335,<nil>
336,Virus_inside
337,Virus_inside -- Virus_replication -- Chemokin_secretion
338,<nil>
339,<nil>
340,<nil>
341,<nil>
342,<nil>
343,<nil>
344,<nil>
345,<nil>
346,<nil>
347,<nil>
348,<nil>
349,<nil>
350,<nil>
6162,Active
352,Virus_inside -- Virus_replication -- Chemokin_secretion
353,Virus_inside -- Virus_replication
354,<nil>
355,Virus_inside -- Virus_replication -- Chemokin_secretion
356,<nil>
357,Virus_inside -- Virus_replication -- Chemokin_secretion
358,Virus_inside -- Virus_replication -- Chemokin_secretion
359,Virus_inside -- Virus_replication -- Chemokin_secretion
360,Virus_inside -- Virus_replication -- Chemokin_secretion
6516,Active
6736,Apoptotic_cell -- M2_Phenotype -- Active
6125,Phagocytosis -- Apoptotic_cell
2553,<nil>
5461,<nil>
5693,Active
2354,<nil>
5308,<nil>
2355,<nil>
6376,<nil>
5694,Apoptotic_cell -- M2_Phenotype -- Active
6161,Apoptotic_cell -- M2_Phenotype -- Active
2699,<nil>
6529,<nil>
3848,Apoptotic_cell -- M2_Phenotype -- Active
2056,<nil>
6367,<nil>
6229,Phagocytosis -- Apoptotic_cell -- Active
6809,<nil>
6265,<nil>
2542,<nil>
1859,<nil>
383,<nil>
6182,<nil>
385,<nil>
386,<nil>
387,<nil>
388,<nil>
389,<nil>
390,<nil>
391,<nil>
392,<nil>
393,<nil>
394,<nil>
395,<nil>
396,<nil>
397,<nil>
6478,<nil>
399,Virus_inside -- Virus_replication -- Chemokin_secretion -- TCell_attached
6070,Active
401,Virus_inside -- Virus_replication -- Chemokin_secretion
402,<nil>
403,<nil>
404,Virus_inside -- Virus_replication -- Chemokin_secretion
405,<nil>
406,<nil>
407,Virus_inside -- Virus_replication -- Chemokin_secretion
6406,<nil>
409,Virus_inside -- Virus_replication -- Chemokin_secretion
410,Virus_inside -- Virus_replication -- Chemokin_secretion
1907,<nil>
5172,Apoptotic_cell -- M2_Phenotype -- Active
6414,Active
2440,Virus_inside -- Virus_replication -- Chemokin_secretion
6593,Active
2158,<nil>
6790,<nil>
2115,Virus_inside -- Virus_replication -- Chemokin_secretion
2544,<nil>
6578,Active
2201,<nil>
5312,Apoptotic_cell -- M2_Phenotype -- Active
1911,<nil>
5188,Active
6091,<nil>
2753,<nil>
2541,Virus_inside -- Virus_replication -- Chemokin_secretion
2668,Virus_inside -- Virus_replication -- Chemokin_secretion
2633,<nil>
5406,CD8_Tcell_activation -- Apoptotic_cell -- M2_Phenotype -- Active
5470,Apoptotic_cell -- M2_Phenotype -- Active
432,<nil>
433,<nil>
6184,Apoptotic_cell -- M2_Phenotype -- Active
435,<nil>
436,<nil>
437,<nil>
438,<nil>
439,<nil>
440,<nil>
441,<nil>
442,<nil>
443,Virus_inside -- Virus_replication
444,<nil>
445,<nil>
446,Virus_inside -- Virus_replication
6436,<nil>
448,Virus_inside -- Virus_replication
6303,<nil>
450,Virus_inside -- Virus_replication -- Chemokin_secretion
451,Virus_inside -- Virus_replication
452,Virus_inside -- Virus_replication
453,Virus_inside -- Virus_replication -- Chemokin_secretion
454,Virus_inside -- Virus_replication -- Chemokin_secretion
455,Virus_inside -- Virus_replication -- Chemokin_secretion
456,Virus_inside -- Virus_replication -- Chemokin_secretion
5951,<nil>
5961,<nil>
6286,<nil>
6136,<nil>
6329,<nil>
4947,<nil>
2411,Virus_inside -- Virus_replication -- Chemokin_secretion
5411,<nil>
2716,Virus_inside -- Virus_replication -- Chemokin_secretion
5893,<nil>
2305,<nil>
2008,<nil>
2710,Virus_inside -- Virus_replication -- Chemokin_secretion
6010,<nil>
2676,<nil>
6186,<nil>
2654,<nil>
5502,Apoptotic_cell -- M2_Phenotype -- Active
5700,<nil>
2625,<nil>
6247,Apoptotic_cell -- M2_Phenotype -- Active
6523,Apoptotic_cell -- M2_Phenotype -- Active
5517,<nil>
5543,CD8_Tcell_activation -- Phagocytosis -- Apoptotic_cell -- Active
6087,<nil>
482,<nil>
483,<nil>
484,<nil>
485,<nil>
486,<nil>
487,<nil>
488,<nil>
489,<nil>
490,<nil>
491,<nil>
6737,Active
493,<nil>
6241,Apoptotic_cell -- M2_Phenotype -- Active
6172,Phagocytosis -- Apoptotic_cell
496,Virus_inside -- Virus_replication -- Chemokin_secretion
497,Virus_inside -- Virus_replication -- Chemokin_secretion
6611,Phagocytosis -- Apoptotic_cell -- Active
6423,Active
500,Virus_inside -- Virus_replication -- Chemokin_secretion
6212,<nil>
502,Virus_inside -- Virus_replication -- Chemokin_secretion
503,Virus_inside -- Virus_replication -- Chemokin_secretion
504,Virus_inside -- Virus_replication -- Chemokin_secretion
6366,<nil>
506,Virus_inside -- Virus_replication -- Chemokin_secretion
2563,Virus_inside -- Virus_replication -- Chemokin_secretion
6687,<nil>
5757,<nil>
4751,Apoptotic_cell -- M2_Phenotype -- Active
5782,CD8_Tcell_activation -- Apoptotic_cell -- M2_Phenotype -- Active
5964,<nil>
6069,<nil>
5317,Active
2295,Virus_inside -- Virus_replication -- Chemokin_secretion -- TCell_attached
6111,Active
6630,Active
6726,<nil>
6693,<nil>
2690,<nil>
2600,<nil>
2700,<nil>
6300,Apoptotic_cell -- M2_Phenotype -- Active
5994,Apoptotic_cell -- M2_Phenotype -- Active
6383,<nil>
5163,Apoptotic_cell -- M2_Phenotype -- Active
6496,<nil>
6538,Apoptotic_cell -- M2_Phenotype -- Active
6617,<nil>
6409,<nil>
531,<nil>
532,<nil>
533,<nil>
534,<nil>
535,<nil>
536,<nil>
537,<nil>
538,<nil>
539,<nil>
540,<nil>
541,Virus_inside
6649,<nil>
543,Virus_inside -- Virus_replication -- Chemokin_secretion
6758,<nil>
2005,<nil>
6158,<nil>
6775,Phagocytosis -- Apoptotic_cell
6428,Active
6307,<nil>
5977,Active
6418,<nil>
6415,<nil>
6335,Phagocytosis -- Apoptotic_cell
554,Virus_inside -- Virus_replication -- Chemokin_secretion -- Apoptosis_type_II
6141,Active
6544,<nil>
5919,<nil>
2059,Virus_inside -- Virus_replication -- Chemokin_secretion
2731,<nil>
6425,<nil>
2208,Virus_inside -- Virus_replication -- Chemokin_secretion
2451,<nil>
4388,Phagocytosis -- Apoptotic_cell
2719,Virus_inside -- Virus_replication -- Chemokin_secretion
2763,Virus_inside -- Virus_replication -- Chemokin_secretion
6776,<nil>
3104,<nil>
6586,Active
6432,<nil>
6801,<nil>
6769,Active
2258,Virus_inside -- Virus_replication
5943,Active
5801,<nil>
6567,<nil>
6482,<nil>
6510,<nil>
6294,Active
579,Virus_inside -- Virus_replication -- Chemokin_secretion
580,<nil>
581,<nil>
582,<nil>
583,<nil>
584,<nil>
585,<nil>
586,<nil>
587,<nil>
588,<nil>
589,<nil>
6575,Apoptotic_cell -- M2_Phenotype -- Active
6763,<nil>
592,Virus_inside -- Virus_replication -- Chemokin_secretion
6427,<nil>
6302,Active
6296,Active
6118,Apoptotic_cell -- M2_Phenotype -- Active
2638,<nil>
6543,Active
6635,Active
6277,<nil>
2503,<nil>
6459,Active
603,Virus_inside -- Virus_replication -- Chemokin_secretion
6202,Apoptotic_cell -- M2_Phenotype -- Active
5745,Active
2579,<nil>
5656,Active
6248,<nil>
5354,Apoptotic_cell -- M2_Phenotype -- Active
5902,Active
2771,Virus_inside -- Virus_replication
2308,Virus_inside -- Virus_replication -- Chemokin_secretion -- TCell_attached
6119,Active
2766,Virus_inside -- Virus_replication -- Chemokin_secretion
6795,<nil>
2255,<nil>
6268,Active
6787,<nil>
5905,<nil>
5960,Active
6536,<nil>
6717,<nil>
5718,Phagocytosis -- Apoptotic_cell -- Active
6753,<nil>
6713,Active
6628,<nil>
627,Virus_inside -- Virus_replication -- Chemokin_secretion
6546,<nil>
6774,<nil>
630,<nil>
631,<nil>
632,<nil>
633,<nil>
634,<nil>
635,<nil>
636,<nil>
637,Virus_inside -- Virus_replication -- Chemokin_secretion
6456,Active
6269,<nil>
6008,<nil>
6572,<nil>
6201,Active
6317,<nil>
2333,Virus_inside -- Virus_replication -- Chemokin_secretion
6454,Active
6220,Active
6519,<nil>
5657,Apoptotic_cell -- M2_Phenotype -- Active
6104,Apoptotic_cell -- M2_Phenotype -- Active
5800,<nil>
2632,<nil>
6797,Active
653,Virus_inside -- Virus_replication -- Chemokin_secretion
5446,<nil>
6360,Active
5679,Phagocytosis -- Apoptotic_cell -- Active
2657,<nil>
5997,Apoptotic_cell -- M2_Phenotype -- Active
2334,Virus_inside -- Virus_replication -- Chemokin_secretion
2757,<nil>
2689,<nil>
6600,Apoptotic_cell -- M2_Phenotype -- Active
4711,Apoptotic_cell -- M2_Phenotype -- Active
2286,Virus_inside -- Virus_replication -- Chemokin_secretion
6120,<nil>
5062,Apoptotic_cell -- M2_Phenotype -- Active
5151,Phagocytosis -- Apoptotic_cell
5820,Apoptotic_cell -- M2_Phenotype -- Active
5631,<nil>
6413,CD8_Tcell_activation -- Apoptotic_cell -- M2_Phenotype -- Active
5375,Active
6632,<nil>
6685,Active
5687,Phagocytosis -- Apoptotic_cell -- Active
675,Virus_inside -- Virus_replication -- Chemokin_secretion
4967,Apoptotic_cell -- M2_Phenotype -- Active
1912,<nil>
678,<nil>
679,<nil>
680,<nil>
681,<nil>
682,<nil>
683,<nil>
684,<nil>
685,<nil>
686,Virus_inside -- Virus_replication -- Chemokin_secretion
6752,<nil>
6464,<nil>
6552,Active
5766,Active
2779,<nil>
6683,<nil>
693,Virus_inside -- Virus_replication -- Chemokin_secretion -- Apoptosis_type_II
2687,Virus_inside -- Virus_replication
2353,<nil>
6751,Active
6348,<nil>
2730,<nil>
6342,Active
6032,<nil>
2302,<nil>
6240,<nil>
2551,<nil>
5834,<nil>
6124,<nil>
2614,Virus_inside -- Virus_replication -- Chemokin_secretion
2456,<nil>
2529,Virus_inside -- Virus_replication -- Chemokin_secretion
5767,<nil>
6533,Active
2672,Virus_inside
2736,<nil>
2620,Virus_inside -- Virus_replication -- Chemokin_secretion
2112,Virus_inside -- Virus_replication -- Chemokin_secretion
2494,Virus_inside -- Virus_replication -- Chemokin_secretion
6740,<nil>
6734,<nil>
5926,<nil>
6315,Phagocytosis -- Apoptotic_cell
6054,<nil>
1961,Virus_inside -- Virus_replication -- Chemokin_secretion
5981,Phagocytosis -- Apoptotic_cell -- Active
5778,<nil>
5616,<nil>
6812,<nil>
6444,Active
727,Virus_inside
728,Virus_inside -- Virus_replication
729,<nil>
730,<nil>
731,<nil>
732,<nil>
733,<nil>
734,<nil>
6553,Active
6756,<nil>
5944,<nil>
6051,<nil>
6452,<nil>
6450,<nil>
6155,Active
2463,<nil>
2577,Virus_inside -- Virus_replication -- Chemokin_secretion
6615,Active
5101,Apoptotic_cell -- M2_Phenotype -- Active
5531,Active
6447,<nil>
6177,<nil>
4998,Active
2063,Virus_inside -- Virus_replication -- Chemokin_secretion
5141,<nil>
6569,Active
2607,<nil>
2205,<nil>
6556,Active
6718,<nil>
5796,Phagocytosis -- Apoptotic_cell
5052,Active
2643,<nil>
2430,Virus_inside -- Virus_replication -- Chemokin_secretion
6043,<nil>
2738,<nil>
2106,<nil>
2751,<nil>
2734,<nil>
6720,<nil>
6282,Active
6029,<nil>
2153,<nil>
6815,<nil>
5436,Active
6048,Active
6359,Active
774,Virus_inside -- Virus_replication -- Chemokin_secretion
775,Virus_inside -- Virus_replication -- Chemokin_secretion
776,Virus_inside -- Virus_replication -- Chemokin_secretion
777,<nil>
778,<nil>
779,Virus_inside -- Virus_replication
780,<nil>
781,<nil>
782,<nil>
783,<nil>
6674,<nil>
6147,Apoptotic_cell -- M2_Phenotype -- Active
6019,Phagocytosis -- Apoptotic_cell -- Active
6466,Active
5548,<nil>
5256,<nil>
5805,Apoptotic_cell -- M2_Phenotype -- Active
6785,<nil>
6159,Active
2304,<nil>
5725,<nil>
6666,<nil>
6620,CD8_Tcell_activation -- Phagocytosis -- Apoptotic_cell -- Active
4411,Phagocytosis -- Apoptotic_cell -- Active
2403,<nil>
5238,Apoptotic_cell -- M2_Phenotype -- Active
6618,Active
6399,<nil>
2767,Virus_inside -- Virus_replication -- Chemokin_secretion
6148,<nil>
6650,Active
5488,Phagocytosis -- Apoptotic_cell -- Active
2578,<nil>
2725,<nil>
5360,<nil>
6528,Active
3566,Apoptotic_cell -- M2_Phenotype -- Active
2744,<nil>
4971,Apoptotic_cell -- M2_Phenotype -- Active
6800,<nil>
2733,Virus_inside -- Virus_replication
2062,Virus_inside -- Virus_replication -- Chemokin_secretion
2594,<nil>
5632,Apoptotic_cell -- M2_Phenotype -- Active
5615,Active
6461,Active
2104,<nil>
2393,Virus_inside -- Virus_replication -- Chemokin_secretion
6750,Active
6603,Active
824,Virus_inside -- Virus_replication -- Chemokin_secretion
825,Virus_inside -- Virus_replication
826,Virus_inside -- Virus_replication -- Chemokin_secretion
827,<nil>
828,<nil>
829,<nil>
830,<nil>
831,<nil>
832,<nil>
833,Virus_inside -- Virus_replication -- Chemokin_secretion -- TCell_attached
6106,<nil>
6386,Active
6228,<nil>
5424,Apoptotic_cell -- M2_Phenotype -- Active
5442,Active
6022,Active
2748,<nil>
6475,<nil>
2400,<nil>
5486,<nil>
2772,Virus_inside -- Virus_replication
2522,Virus_inside -- Virus_replication -- Chemokin_secretion -- TCell_attached
6739,<nil>
6001,<nil>
2291,Virus_inside -- Virus_replication -- Chemokin_secretion
2683,<nil>
2356,Virus_inside -- Virus_replication
2524,Virus_inside -- Virus_replication -- Chemokin_secretion -- TCell_attached
6117,<nil>
2352,<nil>
2534,Virus_inside -- Virus_replication -- Chemokin_secretion
6350,<nil>
6362,Active
4278,Phagocytosis -- Apoptotic_cell
2649,<nil>
2058,<nil>
4026,Apoptotic_cell -- M2_Phenotype -- Active
5587,<nil>
5655,Apoptotic_cell -- M2_Phenotype -- Active
2635,<nil>
2536,Virus_inside -- Virus_replication -- Chemokin_secretion
1863,<nil>
6770,<nil>
5689,<nil>
6259,<nil>
2108,<nil>
6139,<nil>
6057,<nil>
872,Virus_inside -- Virus_replication -- Chemokin_secretion
873,Virus_inside -- Virus_replication -- Chemokin_secretion
6612,Active
875,Virus_inside -- Virus_replication -- Chemokin_secretion
876,Virus_inside -- Virus_replication -- Chemokin_secretion
877,Virus_inside -- Virus_replication
878,<nil>
879,<nil>
880,<nil>
881,<nil>
6511,<nil>
883,Virus_inside -- Virus_replication -- Chemokin_secretion -- TCell_attached
6512,Active
6509,Active
6013,Apoptotic_cell -- M2_Phenotype -- Active
5549,Apoptotic_cell -- M2_Phenotype -- Active
5592,Apoptotic_cell -- M2_Phenotype -- Active
2548,<nil>
1962,Virus_inside -- Virus_replication -- Chemokin_secretion -- TCell_attached
2538,Virus_inside -- Virus_replication -- Chemokin_secretion
6420,Phagocytosis -- Apoptotic_cell -- M2_Phenotype -- Active
6663,Phagocytosis -- Apoptotic_cell
6132,<nil>
2410,<nil>
6714,<nil>
2708,Virus_inside -- Virus_replication -- Chemokin_secretion
5573,<nil>
2679,<nil>
6308,Apoptotic_cell -- M2_Phenotype -- Active
2680,<nil>
6467,Active
6085,Active
3073,<nil>
5846,<nil>
6097,<nil>
5955,Apoptotic_cell -- M2_Phenotype -- Active
5581,CD8_Tcell_activation -- Apoptotic_cell -- M2_Phenotype -- Active
6622,<nil>
5716,<nil>
5970,Phagocytosis -- Apoptotic_cell
6700,<nil>
5686,Active
2256,<nil>
6514,Active
2459,<nil>
5017,<nil>
6493,Active
6755,Active
920,Virus_inside -- Virus_replication -- Chemokin_secretion -- TCell_attached -- Apoptosis_type_I
921,Virus_inside -- Virus_replication -- Chemokin_secretion
922,Virus_inside -- Virus_replication -- Chemokin_secretion
923,Virus_inside -- Virus_replication -- Chemokin_secretion
6559,Phagocytosis -- Apoptotic_cell -- Active
6799,<nil>
926,Virus_inside
927,<nil>
928,<nil>
929,<nil>
930,<nil>
931,Virus_inside -- Virus_replication -- Chemokin_secretion
932,Virus_inside -- Virus_replication -- Chemokin_secretion
6551,<nil>
2462,Virus_inside -- Virus_replication -- Chemokin_secretion
935,Virus_inside -- Virus_replication -- Chemokin_secretion
2783,<nil>
6470,Active
2780,<nil>
2621,Virus_inside -- Virus_replication -- Chemokin_secretion
6356,Apoptotic_cell -- M2_Phenotype -- Active
6165,Apoptotic_cell -- M2_Phenotype -- Active
2627,<nil>
5983,<nil>
2876,Active
6515,<nil>
2505,Virus_inside -- Virus_replication
2206,<nil>
2509,<nil>
6486,<nil>
2481,<nil>
2735,<nil>
3510,Apoptotic_cell -- M2_Phenotype -- Active
6321,<nil>
2429,Virus_inside -- Virus_replication -- Chemokin_secretion -- TCell_attached
2582,Virus_inside -- Virus_replication -- Chemokin_secretion
6338,<nil>
2608,<nil>
2573,Virus_inside -- Virus_replication -- Chemokin_secretion
6363,<nil>
6656,<nil>
3275,<nil>
6788,<nil>
6767,<nil>
2287,Virus_inside -- Virus_replication -- Chemokin_secretion
5174,CD8_Tcell_activation -- Apoptotic_cell -- M2_Phenotype -- Active
2702,<nil>
6547,<nil>
6583,<nil>
6469,<nil>
6361,<nil>
971,Virus_inside -- Virus_replication -- Chemokin_secretion
972,Virus_inside -- Virus_replication -- Chemokin_secretion
973,Virus_inside -- Virus_replication
974,<nil>
975,<nil>
976,<nil>
977,<nil>
978,<nil>
979,<nil>
980,Virus_inside -- Virus_replication -- Chemokin_secretion
981,Virus_inside -- Virus_replication -- Chemokin_secretion
982,Virus_inside -- Virus_replication -- Chemokin_secretion
5491,Active
984,Virus_inside -- Virus_replication -- Chemokin_secretion
6086,Active
2656,<nil>
5611,<nil>
6804,<nil>
2585,Virus_inside -- Virus_replication -- Chemokin_secretion
4381,CD8_Tcell_activation -- Phagocytosis -- Apoptotic_cell -- Active
6134,Apoptotic_cell -- M2_Phenotype -- Active
1861,<nil>
2444,<nil>
6211,Active
2555,Virus_inside -- Virus_replication -- Chemokin_secretion
2510,<nil>
2723,<nil>
2207,<nil>
3191,<nil>
6743,Active
6038,<nil>
6479,Phagocytosis -- Apoptotic_cell
2110,Virus_inside -- Virus_replication -- Chemokin_secretion
6066,<nil>
2408,Virus_inside -- Virus_replication -- Chemokin_secretion
4614,Apoptotic_cell -- M2_Phenotype -- Active
3990,Apoptotic_cell -- M2_Phenotype -- Active
6224,Active
5147,Apoptotic_cell -- M2_Phenotype -- Active
5333,Apoptotic_cell -- M2_Phenotype -- Active
2636,Virus_inside
2707,<nil>
2691,<nil>
6047,<nil>
5668,<nil>
6474,Active
1017,Virus_inside -- Virus_replication -- Chemokin_secretion
6318,<nil>
1019,Virus_inside -- Virus_replication -- Chemokin_secretion
1020,<nil>
1021,<nil>
1022,<nil>
1023,<nil>
1024,<nil>
1025,<nil>
1026,<nil>
1027,<nil>
1028,<nil>
6404,Apoptotic_cell -- M2_Phenotype -- Active
1030,Virus_inside -- Virus_replication -- Chemokin_secretion
5860,Phagocytosis -- Apoptotic_cell -- Active
6581,<nil>
1033,Virus_inside -- Virus_replication -- Chemokin_secretion
6289,<nil>
5837,<nil>
2790,<nil>
6331,Active
2109,Virus_inside -- Virus_replication -- Chemokin_secretion
2556,Virus_inside -- Virus_replication -- Chemokin_secretion
6146,<nil>
6214,Active
2786,<nil>
2010,<nil>
5388,<nil>
2455,<nil>
6128,<nil>
6626,Phagocytosis -- Apoptotic_cell -- Active
2589,Virus_inside -- Virus_replication -- Chemokin_secretion
2704,<nil>
6709,Phagocytosis -- Apoptotic_cell -- Active
2624,<nil>
6793,<nil>
2511,Virus_inside -- Virus_replication
2754,<nil>
2648,<nil>
2747,<nil>
5812,<nil>
2404,<nil>
2591,<nil>
2651,<nil>
3153,<nil>
2491,Virus_inside -- Virus_replication -- Chemokin_secretion
3622,CD8_Tcell_activation -- Apoptotic_cell -- M2_Phenotype -- Active
6298,Active
6440,<nil>
5813,<nil>
5622,<nil>
1068,Virus_inside -- Virus_replication -- Chemokin_secretion
1069,Virus_inside -- Virus_replication -- Chemokin_secretion
1070,<nil>
1071,Virus_inside -- Virus_replication -- Chemokin_secretion
1072,<nil>
1073,<nil>
1074,<nil>
1075,<nil>
1076,<nil>
1077,<nil>
1078,Virus_inside -- Virus_replication -- Chemokin_secretion
1079,Virus_inside -- Virus_replication -- Chemokin_secretion
6353,Active
6806,<nil>
6465,<nil>
6012,<nil>
6472,<nil>
2749,<nil>
2156,<nil>
2413,Virus_inside -- Virus_replication
2310,Virus_inside -- Virus_replication -- Chemokin_secretion
6055,CD8_Tcell_activation -- Apoptotic_cell -- M2_Phenotype -- Active
6373,<nil>
2770,<nil>
2787,<nil>
5226,Apoptotic_cell -- M2_Phenotype -- Active
5590,Active
5370,CD8_Tcell_activation -- Apoptotic_cell -- M2_Phenotype -- Active
6671,Active
2460,<nil>
4552,<nil>
6585,Phagocytosis -- Apoptotic_cell -- Active
2303,<nil>
6216,Active
2257,<nil>
6145,<nil>
2247,Virus_inside -- Virus_replication -- Chemokin_secretion -- TCell_attached
2630,<nil>
2599,<nil>
2678,<nil>
2634,<nil>
6754,<nil>
5844,Apoptotic_cell -- M2_Phenotype -- Active
2262,Virus_inside -- Virus_replication -- Chemokin_secretion -- TCell_attached
2641,<nil>
6707,<nil>
6489,Active
6343,Active
6594,<nil>
1117,Virus_inside -- Virus_replication -- Chemokin_secretion
1118,Virus_inside -- Virus_replication -- Chemokin_secretion
1119,<nil>
1120,<nil>
1121,<nil>
1122,<nil>
1123,<nil>
1124,<nil>
1125,<nil>
1126,<nil>
1127,Virus_inside -- Virus_replication -- Chemokin_secretion
1128,Virus_inside -- Virus_replication -- Chemokin_secretion
1129,Virus_inside -- Virus_replication -- Chemokin_secretion
5538,Apoptotic_cell -- M2_Phenotype -- Active
6691,Phagocytosis -- Apoptotic_cell
6537,<nil>
6279,<nil>
6794,<nil>
2499,<nil>
2650,<nil>
2655,<nil>
6792,<nil>
2583,Virus_inside -- Virus_replication -- Chemokin_secretion
2253,<nil>
4531,Apoptotic_cell -- M2_Phenotype -- Active
5021,<nil>
5910,<nil>
6283,<nil>
2764,Virus_inside -- Virus_replication -- Chemokin_secretion
2726,<nil>
6722,Phagocytosis -- Apoptotic_cell
2597,<nil>
2926,Active
5822,<nil>
2908,Active
2397,<nil>
5636,<nil>
2721,Virus_inside
2449,<nil>
6255,<nil>
1964,Virus_inside -- Virus_replication -- Chemokin_secretion
6267,Phagocytosis -- Apoptotic_cell
2588,Virus_inside -- Virus_replication -- Chemokin_secretion
6525,<nil>
5862,<nil>
5972,<nil>
5936,Apoptotic_cell -- M2_Phenotype -- Active
1164,Virus_inside -- Virus_replication -- Chemokin_secretion
1165,<nil>
2380,Virus_inside -- Virus_replication -- Chemokin_secretion
1167,<nil>
1168,<nil>
1169,<nil>
1170,<nil>
1171,<nil>
1172,<nil>
1173,<nil>
1174,<nil>
1175,<nil>
1176,Virus_inside -- Virus_replication -- Chemokin_secretion
1177,Virus_inside -- Virus_replication -- Chemokin_secretion
6715,<nil>
5230,<nil>
5691,Apoptotic_cell -- M2_Phenotype -- Active
2791,<nil>
6291,Active
2768,Virus_inside -- Virus_replication -- Chemokin_secretion
2483,Virus_inside -- Virus_replication -- Chemokin_secretion -- TCell_attached -- Apoptosis_type_I
2547,<nil>
2394,Virus_inside -- Virus_replication -- Chemokin_secretion
5683,Apoptotic_cell -- M2_Phenotype -- Active
1960,<nil>
2409,Virus_inside -- Virus_replication
4811,Active
2525,Virus_inside -- Virus_replication -- Chemokin_secretion -- TCell_attached
2340,Virus_inside -- Virus_replication -- Chemokin_secretion
2774,<nil>
6480,<nil>
6222,Active
2284,Virus_inside -- Virus_replication -- Chemokin_secretion
2906,Active
6638,Active
2919,Active
6689,Active
6323,<nil>
2913,Active
5985,Active
2917,Active
6358,<nil>
2252,<nil>
2737,<nil>
6669,<nil>
2645,<nil>
6421,<nil>
2013,Virus_inside -- Virus_replication -- Chemokin_secretion
1212,Virus_inside -- Virus_replication -- Chemokin_secretion
2729,<nil>
1214,Virus_inside -- Virus_replication -- Chemokin_secretion -- TCell_attached
1215,Virus_inside -- Virus_replication
1216,<nil>
1217,<nil>
1218,<nil>
1219,<nil>
1220,<nil>
1221,<nil>
1222,<nil>
1223,<nil>
1224,<nil>
1225,Virus_inside -- Virus_replication -- Chemokin_secretion
6554,<nil>
6694,<nil>
6028,Active
2604,<nil>
2686,<nil>
2677,<nil>
2559,<nil>
2755,<nil>
6073,<nil>
6310,<nil>
6256,<nil>
6167,<nil>
5750,Apoptotic_cell -- M2_Phenotype -- Active
5859,<nil>
4573,Apoptotic_cell -- M2_Phenotype -- Active
5138,Apoptotic_cell -- M2_Phenotype -- Active
2697,<nil>
5441,<nil>
3178,<nil>
5369,<nil>
2888,Active
6492,Active
2911,Active
6347,Active
2910,Active
2159,<nil>
6796,Active
2259,Virus_inside -- Virus_replication -- Chemokin_secretion
1914,Virus_inside -- Virus_replication -- Chemokin_secretion
3581,Apoptotic_cell -- M2_Phenotype -- Active
6652,Active
2741,<nil>
5707,<nil>
5843,<nil>
5073,<nil>
1261,Virus_inside -- Virus_replication -- Chemokin_secretion
3263,<nil>
2652,<nil>
1264,<nil>
1265,<nil>
1266,<nil>
1267,<nil>
1268,<nil>
1269,<nil>
1270,<nil>
1271,<nil>
1272,<nil>
1273,<nil>
1274,Virus_inside -- Virus_replication -- Chemokin_secretion
1275,Virus_inside -- Virus_replication -- Chemokin_secretion
1276,Virus_inside -- Virus_replication -- Chemokin_secretion
2389,Virus_inside -- Virus_replication -- Chemokin_secretion
6078,<nil>
6245,<nil>
5973,<nil>
6173,Active
2596,<nil>
6731,<nil>
5804,Apoptotic_cell -- M2_Phenotype -- Active
4558,Active
2508,<nil>
2669,Virus_inside -- Virus_replication -- Chemokin_secretion
2610,Virus_inside -- Virus_replication -- Chemokin_secretion
6609,<nil>
6522,Active
5597,CD8_Tcell_activation -- Phagocytosis -- Apoptotic_cell -- Active
2550,<nil>
3570,Phagocytosis -- Apoptotic_cell -- Active
2574,Virus_inside -- Virus_replication -- Chemokin_secretion
2912,Active
5297,Phagocytosis -- Apoptotic_cell
6542,CD8_Tcell_activation -- Phagocytosis -- Apoptotic_cell
2500,<nil>
3163,<nil>
2923,Active
2011,Virus_inside -- Virus_replication -- Chemokin_secretion
2918,Active
3305,<nil>
6779,Active
5903,Apoptotic_cell -- M2_Phenotype -- Active
6102,<nil>
2629,<nil>
6757,<nil>
4837,Apoptotic_cell -- M2_Phenotype -- Active
6762,<nil>
4690,<nil>
2450,<nil>
6270,<nil>
1314,<nil>
1315,<nil>
1316,<nil>
2646,<nil>
1318,<nil>
1319,<nil>
1320,<nil>
1321,<nil>
1322,<nil>
1323,Virus_inside -- Virus_replication -- Chemokin_secretion -- TCell_attached
1324,Virus_inside -- Virus_replication -- Chemokin_secretion
1325,Virus_inside -- Virus_replication -- Chemokin_secretion
6706,Active
6396,<nil>
2251,<nil>
2681,Virus_inside
6677,<nil>
2006,<nil>
6807,<nil>
6808,<nil>
5835,Active
2009,<nil>
1963,Virus_inside -- Virus_replication -- Chemokin_secretion -- TCell_attached
6655,<nil>
6319,Apoptotic_cell -- M2_Phenotype -- Active
2785,<nil>
2688,<nil>
5877,Apoptotic_cell -- M2_Phenotype -- Active
6207,<nil>
2528,Virus_inside -- Virus_replication -- Chemokin_secretion
2899,Active
5935,<nil>
5758,<nil>
6772,Active
6484,Active
2709,Virus_inside -- Virus_replication -- Chemokin_secretion
6680,<nil>
3241,<nil>
2879,Active
5152,Active
6684,Phagocytosis -- Apoptotic_cell
6288,<nil>
6676,Active
2113,Virus_inside -- Virus_replication -- Chemokin_secretion
2727,<nil>
5645,Active
2493,Virus_inside -- Virus_replication -- Chemokin_secretion
6765,<nil>
5736,<nil>
1363,<nil>
1364,<nil>
1365,<nil>
1366,<nil>
1367,<nil>
1368,<nil>
1369,<nil>
1370,<nil>
1371,<nil>
1372,Virus_inside -- Virus_replication -- Chemokin_secretion -- TCell_attached
6745,<nil>
6301,<nil>
6662,Active
6540,<nil>
6695,Phagocytosis -- Apoptotic_cell
6252,<nil>
5992,Apoptotic_cell -- M2_Phenotype -- Active
6417,<nil>
2486,Virus_inside -- Virus_replication -- Chemokin_secretion
6030,Active
5434,Phagocytosis -- Apoptotic_cell
6110,<nil>
2592,<nil>
6455,<nil>
2443,Virus_inside -- Virus_replication -- Chemokin_secretion
2535,Virus_inside -- Virus_replication -- Chemokin_secretion
2685,<nil>
6634,Apoptotic_cell -- M2_Phenotype -- Active
6416,Active
2882,Active
6068,Active
6411,Active
6412,<nil>
2441,Virus_inside -- Virus_replication -- Chemokin_secretion
2760,Virus_inside -- Virus_replication -- Chemokin_secretion
2781,<nil>
2351,<nil>
2901,Active
2407,Virus_inside -- Virus_replication
2745,<nil>
6592,Active
2436,Virus_inside -- Virus_replication -- Chemokin_secretion
2539,Virus_inside -- Virus_replication -- Chemokin_secretion
1959,<nil>
5286,<nil>
2105,<nil>
5827,<nil>
6365,Active
6805,Active
1412,Virus_inside -- Virus_replication -- Chemokin_secretion -- TCell_attached
1413,Virus_inside -- Virus_replication -- Chemokin_secretion
1414,Virus_inside -- Virus_replication
1415,<nil>
1416,<nil>
1417,<nil>
1418,<nil>
1419,<nil>
1420,<nil>
6759,Active
6780,Active
1423,Virus_inside -- Virus_replication -- Chemokin_secretion -- TCell_attached
6445,Phagocytosis -- Apoptotic_cell -- Active
6665,<nil>
6254,Active
6588,<nil>
6049,<nil>
6388,<nil>
5415,Apoptotic_cell -- M2_Phenotype -- Active
6250,Phagocytosis -- Apoptotic_cell -- Active
6668,Active
6082,<nil>
5209,Apoptotic_cell -- M2_Phenotype -- Active
6044,Active
2492,Virus_inside -- Virus_replication -- Chemokin_secretion
5921,<nil>
2402,<nil>
5337,<nil>
3235,<nil>
2758,<nil>
6215,<nil>
6703,Apoptotic_cell -- M2_Phenotype -- Active
4001,Apoptotic_cell -- M2_Phenotype -- Active
2406,<nil>
2761,Virus_inside -- Virus_replication -- Chemokin_secretion
3620,Apoptotic_cell -- M2_Phenotype -- Active
4488,<nil>
6768,Phagocytosis -- Apoptotic_cell
2893,Active
6187,Active
2442,Virus_inside -- Virus_replication -- Chemokin_secretion
3777,Apoptotic_cell -- M2_Phenotype -- Active
6548,<nil>
6171,<nil>
6727,Active
6725,<nil>
5751,Active
2778,<nil>
1460,Virus_inside -- Virus_replication -- Chemokin_secretion -- TCell_attached
1461,Virus_inside -- Virus_replication -- Chemokin_secretion -- TCell_attached
6562,<nil>
1463,Virus_inside -- Virus_replication
1464,<nil>
1465,Virus_inside -- Virus_replication -- Chemokin_secretion
1466,<nil>
1467,<nil>
1468,<nil>
1469,<nil>
1470,Virus_inside -- Virus_replication -- Chemokin_secretion
1471,Virus_inside -- Virus_replication -- Chemokin_secretion
6419,<nil>
6275,<nil>
5480,<nil>
6664,Active
6371,Active
6253,CD8_Tcell_activation -- Apoptotic_cell -- M2_Phenotype -- Active
6541,<nil>
6644,Apoptotic_cell -- M2_Phenotype -- Active
5793,<nil>
6606,Active
2717,Virus_inside -- Virus_replication -- Chemokin_secretion
6035,Active
6197,<nil>
2446,Virus_inside -- Virus_replication
2557,<nil>
6712,Phagocytosis -- Apoptotic_cell
4854,Apoptotic_cell -- M2_Phenotype -- Active
3132,<nil>
6673,<nil>
2896,Active
6314,<nil>
6636,<nil>
2306,<nil>
2637,<nil>
6623,<nil>
2998,Phagocytosis -- Apoptotic_cell
2897,Active
2895,Active
6732,<nil>
6702,<nil>
2701,<nil>
2658,<nil>
2601,<nil>
2765,Virus_inside -- Virus_replication -- Chemokin_secretion
6018,<nil>
6234,<nil>
6355,<nil>
6080,Apoptotic_cell -- M2_Phenotype -- Active
2590,Virus_inside -- Virus_replication -- Chemokin_secretion
6481,Active
6580,<nil>
6550,Active
1514,Virus_inside -- Virus_replication -- Chemokin_secretion
1515,<nil>
1516,<nil>
1517,<nil>
1518,<nil>
1519,Virus_inside -- Virus_replication -- Chemokin_secretion
6659,<nil>
6326,<nil>
6407,Active
6488,Phagocytosis -- Apoptotic_cell -- Active
6392,<nil>
5487,Active
6497,<nil>
2554,<nil>
5885,<nil>
5040,Apoptotic_cell -- M2_Phenotype -- Active
6430,Phagocytosis -- Apoptotic_cell -- Active
5870,Active
6697,<nil>
6506,Active
6597,<nil>
6545,Active
6053,Active
2746,<nil>
3240,<nil>
6108,Active
5567,<nil>
2581,<nil>
2615,Virus_inside -- Virus_replication -- Chemokin_secretion
6723,Active
6476,<nil>
6483,<nil>
3190,<nil>
3189,<nil>
2560,<nil>
6195,Active
6813,<nil>
2487,Virus_inside -- Virus_replication -- Chemokin_secretion
2742,<nil>
2448,<nil>
2759,Virus_inside -- Virus_replication
5752,Active
4891,Apoptotic_cell -- M2_Phenotype -- Active
1557,Virus_inside -- Virus_replication -- Chemokin_secretion -- TCell_attached
6744,<nil>
6660,<nil>
6640,<nil>
6690,<nil>
6672,<nil>
1563,<nil>
1564,<nil>
1565,<nil>
1566,<nil>
1567,<nil>
6494,<nil>
6589,Active
1570,Virus_inside -- Virus_replication -- Chemokin_secretion
1571,Virus_inside -- Virus_replication -- Chemokin_secretion
6566,Active
6701,<nil>
6532,<nil>
1958,<nil>
5876,<nil>
5499,<nil>
6696,<nil>
6784,<nil>
5810,<nil>
2405,<nil>
2671,Virus_inside -- Virus_replication -- Chemokin_secretion
5347,Active
2718,Virus_inside -- Virus_replication -- Chemokin_secretion
3797,Apoptotic_cell -- M2_Phenotype -- Active
2782,<nil>
2300,<nil>
6625,<nil>
2889,Active
2885,Active
2202,<nil>
2914,Active
6607,Active
2916,Active
2883,Active
2762,Virus_inside -- Virus_replication -- Chemokin_secretion
6225,<nil>
2586,Virus_inside -- Virus_replication -- Chemokin_secretion
2640,<nil>
5003,Apoptotic_cell -- M2_Phenotype -- Active
5756,<nil>
5403,Apoptotic_cell -- M2_Phenotype -- Active
2647,<nil>
2603,<nil>
2750,<nil>
6084,<nil>
5604,<nil>
2739,<nil>
6595,<nil>
2349,Virus_inside -- Virus_replication -- Chemokin_secretion
6823,<nil>
1612,<nil>
1613,<nil>
1614,<nil>
1615,<nil>
1616,<nil>
1617,Virus_inside -- Virus_replication -- Chemokin_secretion
1618,<nil>
1619,Virus_inside -- Virus_replication -- Chemokin_secretion
6504,Active
1621,Virus_inside -- Virus_replication -- Chemokin_secretion -- TCell_attached
6263,<nil>
6535,Active
2350,<nil>
1860,<nil>
5914,<nil>
2743,<nil>
2769,Virus_inside -- Virus_replication -- Chemokin_secretion
5559,<nil>
2580,Virus_inside
2496,<nil>
6156,<nil>
2623,Virus_inside -- Virus_replication -- Chemokin_secretion
4371,Apoptotic_cell -- M2_Phenotype -- Active
2706,<nil>
2546,<nil>
2927,Active
6746,<nil>
2316,Virus_inside -- Virus_replication -- Chemokin_secretion
1909,<nil>
4846,<nil>
2452,<nil>
6499,Active
2606,<nil>
2703,<nil>
2504,<nil>
2593,<nil>
2531,Virus_inside -- Virus_replication -- Chemokin_secretion -- TCell_attached
5771,<nil>
2732,<nil>
5734,<nil>
5971,<nil>
6820,<nil>
5674,<nil>
5614,Phagocytosis -- Apoptotic_cell -- Active
6196,<nil>
4575,Apoptotic_cell -- M2_Phenotype -- Active
5769,Phagocytosis -- Apoptotic_cell -- Active
2662,Virus_inside -- Virus_replication -- Chemokin_secretion
1660,Virus_inside -- Virus_replication -- Chemokin_secretion
6729,<nil>
1662,<nil>
1663,<nil>
1664,<nil>
1665,<nil>
1666,Virus_inside -- Virus_replication -- Chemokin_secretion
1667,Virus_inside -- Virus_replication -- Chemokin_secretion
1668,Virus_inside -- Virus_replication -- Chemokin_secretion
1669,Virus_inside -- Virus_replication -- Chemokin_secretion
1670,Virus_inside -- Virus_replication -- Chemokin_secretion
1671,Virus_inside -- Virus_replication -- Chemokin_secretion
6730,Active
4121,Apoptotic_cell -- M2_Phenotype -- Active
5193,<nil>
2728,<nil>
6098,<nil>
6741,Phagocytosis -- Apoptotic_cell
6651,<nil>
2784,<nil>
5840,Phagocytosis -- Apoptotic_cell -- Active
6557,<nil>
5787,Apoptotic_cell -- M2_Phenotype -- Active
2526,Virus_inside -- Virus_replication -- Chemokin_secretion
2540,Virus_inside -- Virus_replication -- Chemokin_secretion
2692,<nil>
6451,<nil>
2674,<nil>
4399,Apoptotic_cell -- M2_Phenotype -- Active
2498,<nil>
2357,<nil>
2904,Active
2884,Active
6131,<nil>
2776,<nil>
6710,<nil>
2609,<nil>
6370,<nil>
2752,<nil>
2613,Virus_inside -- Virus_replication -- Chemokin_secretion
2642,<nil>
6160,<nil>
6251,<nil>
6152,Active
5781,Active
5231,Apoptotic_cell -- M2_Phenotype -- Active
6501,Active
6771,<nil>
6742,<nil>
1709,<nil>
1710,<nil>
1711,<nil>
1712,<nil>
1713,<nil>
1714,<nil>
1715,<nil>
6076,Active
6352,Apoptotic_cell -- M2_Phenotype -- Active
1718,Virus_inside -- Virus_replication -- Chemokin_secretion -- TCell_attached
6679,<nil>
5654,<nil>
6226,<nil>
5874,Active
6071,Active
2501,<nil>
5465,Apoptotic_cell -- M2_Phenotype -- Active
2789,<nil>
2530,Virus_inside -- Virus_replication -- Chemokin_secretion -- TCell_attached
6811,<nil>
6400,Apoptotic_cell -- M2_Phenotype -- Active
2521,Virus_inside -- Virus_replication -- Chemokin_secretion
6601,Active
6675,Phagocytosis -- Apoptotic_cell -- Active
6773,Phagocytosis -- Apoptotic_cell
2549,<nil>
2684,<nil>
6667,Phagocytosis -- Apoptotic_cell
2453,<nil>
3013,Apoptotic_cell -- M2_Phenotype -- Active
2698,<nil>
2878,Active
2696,<nil>
6654,Active
6708,<nil>
4925,Active
5888,Apoptotic_cell -- M2_Phenotype -- Active
6462,<nil>
2595,<nil>
2055,<nil>
2724,<nil>
2894,Active
5806,<nil>
6577,<nil>
6802,<nil>
6219,<nil>
2694,<nil>
1908,<nil>
2155,<nil>
1758,<nil>
6688,CD8_Tcell_activation -- Phagocytosis -- Apoptotic_cell
6699,Active
1761,<nil>
1762,<nil>
1763,Virus_inside -- Virus_replication
1764,<nil>
1765,<nil>
1766,Virus_inside -- Virus_replication -- Chemokin_secretion -- TCell_attached
6129,Apoptotic_cell -- M2_Phenotype -- Active
6661,<nil>
6724,<nil>
6814,<nil>
5930,<nil>
6791,<nil>
5760,Apoptotic_cell -- M2_Phenotype -- Active
5795,<nil>
2488,Virus_inside -- Virus_replication -- Chemokin_secretion
3860,Phagocytosis -- Apoptotic_cell -- Active
2626,Virus_inside -- Virus_replication
3836,Apoptotic_cell -- M2_Phenotype -- Active
2495,<nil>
6631,Phagocytosis -- Apoptotic_cell
6574,<nil>
2502,<nil>
6142,<nil>
2543,<nil>
2756,<nil>
5819,Active
2203,<nil>
2558,<nil>
2157,<nil>
2659,<nil>
2777,<nil>
6766,<nil>
2552,<nil>
2740,<nil>
2561,<nil>
2639,<nil>
6471,<nil>
2661,Virus_inside -- Virus_replication -- Chemokin_secretion
2792,<nil>
2497,<nil>
6582,CD8_Tcell_activation -- Phagocytosis -- Apoptotic_cell
6088,<nil>
6518,Active
6061,Apoptotic_cell -- M2_Phenotype -- Active
6633,<nil>
6336,Active
6648,<nil>
1808,<nil>
6520,<nil>
1810,<nil>
1811,<nil>
1812,<nil>
1813,Virus_inside
6573,<nil>
1815,Virus_inside -- Virus_replication
1816,Virus_inside -- Virus_replication -- Chemokin_secretion
1817,Virus_inside -- Virus_replication -- Chemokin_secretion
2693,<nil>
5785,Apoptotic_cell -- M2_Phenotype -- Active
2478,Virus_inside -- Virus_replication -- Chemokin_secretion
6153,<nil>
6641,Phagocytosis -- Apoptotic_cell -- M2_Phenotype -- Active
6579,<nil>
6539,Active
6705,Apoptotic_cell -- M2_Phenotype -- Active
2695,<nil>
2705,<nil>
6375,Active
6244,Apoptotic_cell -- M2_Phenotype -- Active
2392,Virus_inside -- Virus_replication -- Chemokin_secretion
2628,<nil>
6344,<nil>
5792,Active
5979,<nil>
5755,Active
5046,Phagocytosis -- Apoptotic_cell -- Active
6798,<nil>
4282,Apoptotic_cell -- M2_Phenotype -- Active
2292,Virus_inside -- Virus_replication -- Chemokin_secretion
2363,Virus_inside -- Virus_replication -- Chemokin_secretion -- TCell_attached
5526,<nil>
6616,<nil>
2290,Virus_inside -- Virus_replication -- Chemokin_secretion
6613,<nil>
6379,<nil>
6681,<nil>
6670,Phagocytosis -- Apoptotic_cell
6434,Active
6435,<nil>
6441,Phagocytosis -- Apoptotic_cell
6442,<nil>
6448,Apoptotic_cell -- M2_Phenotype -- Active
6449,Active
6637,<nil>
6457,Active
6760,Phagocytosis -- Apoptotic_cell -- Active
6761,Active
6764,Phagocytosis -- Apoptotic_cell
6782,Phagocytosis -- Apoptotic_cell
6819,<nil>
6786,Active
6817,<nil>
6818,<nil>
6821,<nil>
6822,<nil>
